asin,title,title_score,thumbnail_score,price_score,trust_score,position_score,search_score,search_rank
B0CTK9768L,"EUGAD Esszimmerstühle 4er Set, für Esszimmer Küche Wohnzimmer, Küchenstühle gepolstert mit Rückenlehne Samtbezug, mit Metallbeinen, 150 kg belastbar, Dunkelgrau",61.15,70.56,83.0,71.31,27.91,65.96,30.0
B0DM1FW59V,Armlehnenstuhl Esszimmerstuhl 4er Set Beige Holzbeine Polsterstuhl mit Armlehne Stühle Esszimmer Küchenstuhl Wohnzimmerstuhl aus Polyester,54.82,72.26,26.0,76.47,45.51,59.13,65.0
B01KO2I7XU,EGGREE Esszimmerstühle 4er Set Weiß Schalenstuhl für Esstisch Küche Wohnung,41.3,79.12,94.0,83.76,41.7,69.08,16.0
B0F1Y4F3PS,"EUGAD Esszimmerstühle drehbar 4er Set, für Esszimmer Küche Wohnzimmer, Küchenstühle gepolstert mit Rückenlehne Samtbezug, mit Metallbeinen, 150 kg belastbar, Dunkelgrau",60.8,90.54,66.0,67.88,51.39,70.98,10.0
B0FVLQMK31,"COLAMY Küchenstuhl Esszimmerstühle 4er Set, Moderne Polsterstuhl Essstühle mit Fester Rückenlehne, Stoff Esszimmerstühl mit Holzbein für Esszimmer, Küche, Restaurant, Beige",62.11,91.93,14.0,68.82,91.02,68.07,17.0
B07SF5LP9K,"WOLTU Esszimmerstühle 2er Set, für Wohnzimmer Küche Esszimmer, Küchenstühle gepolstert mit Rückenlehne, Sitzfläche aus Samt, mit Metallbeinen, bis 150 kg belastbar,Dunkelgrau",57.04,85.69,92.0,84.39,29.12,73.56,4.0
B0H4RB849Q,"VASAGLE Esszimmerstuhl 6er Set, Küchenstuhl, Polsterstuhl mit Massivholzbeinen, ergonomische Rückenlehne, Aussparung als Griff, Mid-Century-Modern-Stil, Küche, salbeigrün KDC668C101-3J",59.17,65.39,7.0,51.82,27.69,48.59,97.0
B0FT2JLPD8,"VASAGLE Esszimmerstühle Samt, Küchenstühle bis 120 kg belastbar, Sessel mit verstellbaren Füßen, modern, gepolstert, für Wohnzimmer, 4er Set, tintenschwarz KDC080BH01",60.78,73.03,78.0,71.71,30.01,66.15,28.0
B07DGSCJPF,"Yaheetech Esszimmerstühle 2er Set Esszimmerstuhl Schwingstuhl Freischwinger, 135 kg belastbar schwarz Kunstleder",55.6,86.81,70.0,77.49,72.13,73.15,5.0
B0DK94BK76,"Esszimmerstühle Drehbar 6er Set mit Armlehne, 360° Drehstuhl, Polsterstuhl Leinen, Modern Küchenstuhl mit Metallbeine und Rückenlehne für Esszimmer, Küche,Büro, Beige",57.86,84.38,10.0,71.07,62.13,61.71,46.0
B0F3CPWB32,Drehstuhl Esszimmer 6er Set Schwarz mit Armlehne Polsterstuhl Samt Esszimmerstühle drehbar Küchenstuhl mit Metallbeine für Wohnzimmer Esszimmer,56.76,96.33,11.0,75.01,55.81,65.32,34.0
B0D45LGL6T,"Hawthyhome Esszimmerstühle 2er Set, Küchenstuhl, Stuhl Esszimmer Wohnzimmer, ergonomischer Sessel, Armlehnstuhl, Polsterstuhl, Wasserdichtes Material,Metallbeine, Schwarz",73.22,98.87,89.0,64.84,29.4,77.22,1.0
B09JW54WNY,"VASAGLE Esszimmerstühle, Küchenstühle, 2er Set, Metallrahmen, für Esszimmer, Wohnzimmer, Küche, vintagebraun-tintenschwarz LDC092B01V1",61.22,61.78,97.0,79.7,28.85,67.21,21.0
B0G127C2LX,"COLAMY Esszimmerstühle 4er Set, Polsternder Stühle Esszimmer mit Rückenlehne, Moderne Küchenstühle Gepolstert, Stoff Dining Chairs mit Back und Holzbeinen für Esszimmer, Küche, Restaurant, Beige",61.57,64.99,13.0,60.52,29.7,51.91,92.0
B0FVLR1DZR,"COLAMY Küchenstuhl Esszimmerstühle 2er Set, Moderne Polsterstuhl Essstühle mit Fester Rückenlehne, Stoff Esszimmerstühl mit Holzbein für Esszimmer, Küche, Restaurant, Beige",62.37,96.17,63.0,68.82,43.43,72.0,7.0
B089K32SDQ,"SONGMICS Esszimmerstuhl, Sessel, gepolsterter Sitz, mit Armlehnen, Sitzbreite 49 cm, Metallbeine, Bezug aus Samt, Belastung 110 kg, für Wohnzimmer, Schlafzimmer, Grau LDC087G01",58.03,66.96,96.0,80.59,28.6,67.97,18.0
B0F3CMPQFS,Drehstuhl Esszimmer 2er Set Samt Grün mit Armlehne Polsterstuhl Esszimmerstühle drehbar Küchenstuhl mit Metallbeine für Wohnzimmer Esszimmer,56.89,97.94,75.0,75.01,28.36,72.69,6.0
B0GTLRJPGT,"Mid-Century Modern Teddy Fleece Esszimmerstühle 4er Set mit gebogener Rückenlehne, Metallbeinen, Schminktisch-Stuhl, Gepolsterte Küchenstühle für Esszimmer, Restaurant, Weiß",62.85,89.34,59.0,65.93,28.13,67.36,19.0
B07MDJDK23,"WOLTU Esszimmerstuh 1er Set Sessel Küchenstuhl Polsterstuhl Wohnzimmerstuhl mit Armlehnen, Sitzfläche aus Samt, Metallbeine, Dunkelgrau",58.88,70.09,93.0,84.94,27.49,69.43,11.0
B0CP5DZ4CY,"Mondeer Esstisch mit 6 Stühlen Set, Essgruppe mit Hochlehner Kunstleder Stuhl für Küche Esszimmer Wohnzimmer, W138 x D90 x H75 cm, Weiß und Eiche",60.18,66.27,30.0,69.13,26.12,55.86,82.0
B0FXWZGZZK,"Esszimmerstühle Drehbar mit Armlehne 2er Set, 360°Drehbar Polsterstuhl Küchenstuhl aus Samt, Stühle Esszimmer Schminkstuhl mit Metallbeine und Rückenlehne für Esszimmer Schlafzimmer, Dunkelgrau",57.69,85.26,65.0,69.63,27.3,66.41,24.0
B0F9F7BW9W,Hawthyhome Esszimmerstühle 2er Set丨Teddy Stoff Runde Boucle Esszimmerstuhl·Mid-Century Gepolsterte Küchenstühle·Stühle Esszimmer mit Metallbeinen·Grau-Braun,77.18,91.82,51.0,68.73,36.93,71.93,8.0
B0F1Y484RH,"EUGAD Esszimmerstühle drehbar 4er Set, für Esszimmer Küche Wohnzimmer, Küchenstühle gepolstert mit Rückenlehne Samtbezug, mit Metallbeinen, 150 kg belastbar, Schwarz",62.22,84.22,68.0,67.88,27.11,67.31,20.0
B0GX5HS9WF,"JIEXI Freischwinger Esszimmerstühle 4er Set – Schwingstuhl Stuhl Mit Stoffbezug, Gesteppter Rückenlehne & Metallgestell, Küchenstuhl/Essstuhl Modern, Bequem & Stabil (4 Graue Stühle)",45.14,59.88,38.0,67.22,26.93,51.09,94.0
B0FK57MTS3,"HOMCOM Essgruppe Holz 80 x 60 cm Esstisch mit 2 Stühlen Platzsparend Esszimmergruppe Sitzgruppe Rechteckig Küchentisch mit gepolsterten Essstühlen für kleine Raum, Esszimmer, Küche, Weiß",45.58,91.64,42.0,64.25,26.75,60.71,51.0
B0DK92XF9Q,"drehstuhl esszimmer 4er Set aus Kunstleder mit Armlehnen, Gepolsterte Polsterstühle mit Metallbeinen Armlehnstühle für Esszimmer, Küche und Wohnzimmer, Braun",55.71,85.3,25.0,71.77,35.3,61.15,49.0
B0GY872VLJ,"MALOL Esszimmerstühle 4er Set, Polsterstuhl Essstühle mit Holzbein, Mid-Century Modern Stoff Esstisch Stühle mit Fester Rückenlehne für Esszimmer, Küche, Restaurant, Mit dunkelbraunen Beinen, Beige",55.42,88.17,7.0,66.23,40.24,58.63,71.0
B0FFT3FCZC,"WAFTING Esszimmerstuhl 4er Set drehbar, Armlehnstuhl drehbar 360°,Moderner Polsterstuhl Stuhl Samt, Stühle für Esszimmer,Küchenstuhl für Wohnzimmer, Arbeitszimmer,Schlafzimmer,Braun",57.01,79.51,35.0,67.03,33.96,60.16,58.0
B0BFPZFH1P,"Lestarain Esszimmerstühle 6er Set mit Rückenlehne, für Esszimmer Küche Wohnzimmer, Küchenstühle gepolstert mit Samtbezug, aus Metall, ergonomisches Design, Dunkelgrau",66.59,89.0,49.0,75.9,32.85,69.16,14.0
B0G1YMHDTH,"COLAMY Mid-Century Modern Design Sherpa Esszimmerstühle 4er Set, Vintage Landhaus-Stil Bouclé Küchenstühle mit offener geschwungener Rückenlehne für Esszimmer, Restaurant, Beige",58.11,95.38,15.0,64.2,33.38,61.57,48.0
B0FY2TWL3B,"Esszimmerstühle Drehbar mit Armlehne 2er Set, 360°Drehbar Polsterstuhl Küchenstuhl aus Chenille, Stühle Esszimmer Schminkstuhl mit Metallbeine für Esszimmer Küche Schlafzimmer, Dunkelgrau",57.65,90.93,73.0,69.06,26.59,69.11,15.0
B0DSBPS423,"VASAGLE Esszimmerstuhl 4er Set, Küchenstuhl, Polsterstuhl, Metallbeine, verstellbare Füße, pflegeleicht, Chenille-Gewebe, PU mit von Gletschern inspiriertem Muster, cremeweiß KDC188W01",61.15,71.39,78.0,72.56,32.35,66.15,28.0
B0CNXY7Z8J,Deuline Esszimmerstühle Essstühle Samtbezug Polsterstuhl Esszimmer Stuhl Milano 4er-Set GRAU 521252,62.09,57.65,81.0,75.0,37.89,63.76,38.0
B0FSQ4RG83,"ELUCHANG Esszimmerstühle 2er Set, 360° Drehbar, 12cm Dicke Polsterung Stuhl mit Hohen Armlehnen, Cremeweiß Samt, bis 150 kg Belastbar, für Schlafzimmer Küche Wohnzimmer",60.02,92.52,36.0,69.86,26.27,64.76,35.0
B0FQC7RR3H,"SONGMICS Esszimmerstuhl 4er Set, Küchenstuhl, Polsterstuhl, bis 120 kg belastbar, Stahlbeine, Gebogene Rückenlehne, für Esszimmer, Küche, cappuccinobeige-tintenschwarz LDC090LH01-2J",55.29,69.13,44.0,71.98,48.09,60.37,55.0
B09T3NL1NR,"tectake Essgruppe Set Tisch und Stühle, Esstisch und 4X Stuhl, strapazierfähiges Kunstleder, Tischplatte aus Sicherheitsglas, Küchenstühle modern, Küche - schwarz",69.26,71.91,56.0,80.06,26.43,65.94,31.0
B0FFMD5NPF,"Esszimmerstühle Drehbar 2er Set mit Armlehne – 360°Drehbar Polsterstuhl Leinen Modern Drehstuhl Küchenstuhl mit Metallgestell und Rückenlehne für Esszimmer, Wohnzimmer, Büro, Beige",63.82,96.89,76.0,72.37,38.99,74.8,3.0
B0C8N681D2,"WOLTU Esszimmerstuhl drehbar 4er Set, Küchenstuhl, Polsterstuhl, Drehstuhl, bequemer Stuhl mit Armlehnen Rückenlehne, Armlehnenstuhl für Esszimmer Wohnzimmer, mit Samtbezug, Dunkelgrau",55.88,83.22,16.0,78.6,34.6,60.52,52.0
B07KB47FLJ,"ALBATROS Esszimmerstühle 4er Set AARHUS, Weiss - Beine aus Buche Massiv-Holz, Skandinavisches Retro-Design, bequemer Schalenstuhl - Eleganter Küchenstuhl, Stuhl Esszimmer für Esstisch",59.99,47.72,85.0,81.3,36.07,61.93,44.0
B0BWD94QMH,"buybyroom Esszimmerstühle 4er Set Metall Küchenstuhl, Esstisch Stuhl Bequemer Polsterstuhl SitzfläChe,Schwarz",56.65,68.57,97.0,68.64,25.83,65.59,32.0
B0DP9CR9FQ,"OC Orange-Casual 5-teilig Esszimmertisch Set, Esszgruppe für 4 Personen, Esstisch mit 4 Stühle aus MDF& Metall, Esszimmergruppe im Industrial-Look für Esszimmer, Küche, Vintagebraun (2 Packet)",67.48,63.81,70.0,52.82,30.69,60.15,59.0
B0FVM4MDK9,"WAFTING esszimmerstühle 4er Set Drehbar 360°,Armlehnstuhl mit Metallbeinen,geeignet als Stühle Esszimmer,Samt Stuhl,Küchenstühle,Wohnzimmerstuhl,Polsterstuhl mit Samtigem Gefühl,Taupe",42.67,91.12,19.0,62.63,25.97,55.98,79.0
B0FH2GM4K9,"BonVache 6er Set Esszimmerstühle, Küchenstuhl Polsterstuhl mit hoher Rückenlehne, Beine aus Massivholz, Leinenoptik Gepolsterte Sitzfläche für Esszimmer, Wohnzimmer, Arbeitszimmer, Dunkelgrau",57.12,62.92,26.0,64.62,22.69,52.25,89.0
B0H4QXT8CD,"VASAGLE Esszimmerstuhl 4er Set, Küchenstuhl, Polsterstuhl mit Massivholzbeinen, ergonomische Rückenlehne, Aussparung als Griff, Mid-Century-Modern-Stil, Küche, cappuccinobeige KDC668L101-2J",66.21,57.66,16.0,51.82,31.47,49.76,95.0
B0FC2GBK96,"SONGMICS Esszimmerstuhl, Drehstuhl, Küchenstuhl, Samt Polstersessel mit Armlehnen, bis 120 kg belastbar, Stahlbeine, für Esszimmer, Grau und Tintenschwarz KDC161G01",60.68,83.23,95.0,61.77,25.43,69.29,13.0
B0C8N6FXHC,"WOLTU Esszimmerstühle drehbar 6er Set, Küchenstuhl, Polsterstuhl, Drehstuhl, bequemer Stuhl mit Armlehnen Rückenlehne, Armlehnenstuhl für Esszimmer Wohnzimmer, mit Kunstlederbezug, Braun",55.86,91.39,2.0,73.17,22.57,58.57,72.0
B0GMZ2QD75,"Jocoevol Runder Esstisch und 4 Esszimmerstühle Set, Essgruppe 5-Teilig, Esszimmertisch mit Ablage und 4 stühle für Küche, Wohnzimmer, Balkon, Restaurant, Büro (Vintage Braun, 107x107x76cm)",64.58,57.61,30.0,62.34,22.82,52.68,88.0
B0H38K62K2,"WOLTU Esszimmerstühle 4er Set, Küchenstühle mit Patchwork-Design, mit Rückenlehne und Holzbeinen, bis 150 kg belastbar, für Esszimmer Wohnzimmer, Mehrfarbig",56.16,72.82,63.0,66.23,25.19,61.1,50.0
B0CX51L29M,"GIANTEX Esstisch mit 2 Stühlen & Bank, Küchentisch Esszimmertisch mit Ablage, Essgruppe Industrie aus Holz & Metall, Esszimmergruppe Sitzgruppe, Esszimmer Tisch Set für 4 Personen (Rustikal Braun)",64.7,54.95,39.0,62.84,22.95,53.37,85.0
B00Q0856KA,"Hela Tische, 4er Set Schwingstuhl Tabea, Kunstleder Schwarz-Weiß, Griffloch, Metallgestell Chrom, 43 x 61 x 99 cm",68.69,97.25,20.0,73.0,22.89,66.24,26.0
B09ZYHF44Y,"tectake® Küchentisch mit Stühlen, Esstisch und 6er Set Esszimmerstühle, Küchenstühle modern, Sitzgruppe Küche, Küchenmöbel, Hochglanz Glastisch, Esszimmer, Essstühle für Küchentresen - schwarz/schwarz",42.94,41.38,40.0,75.93,23.02,46.64,100.0
B096M54QC4,"H.J WeDoo Esstisch mit 2 Stühle Essgrupp Holztisch und Weiß Skandinavisches Stuhl Esstisch Set für Esszimmer Küche 80cm | Essgruppen Runder Tisch 80 cm, Skandinavisches Design, Massivholzbeine, für Balkon Küche Büro Esszimmer, Weiß Stühlen",41.97,65.69,77.0,73.27,25.19,58.92,68.0
B0FFSYD6PD,"115cm Runder Esstisch mit 4 Esstischstühlen, Küchentisch aus MDF (Travertin-Maserung) und 4 Stühle für Küche, Esszimmer, Wohnzimmer und Büro (Beige)",62.11,85.88,6.0,63.7,30.34,57.97,74.0
B0C8N7VCFZ,"WOLTU Esszimmerstuhl drehbar 6er Set, Küchenstuhl, Polsterstuhl, Drehstuhl, bequemer Stuhl mit Armlehnen Rückenlehne, Armlehnenstuhl für Esszimmer Wohnzimmer, mit Samtbezug, Schwarz",56.34,90.33,1.0,78.6,25.31,59.58,63.0
B0DKJTD22V,"Esstisch mit 4 Stühlen Esszimmergruppe, 4er Set Esszimmerstühle und 120CM Rechteckig Holztisch Essgruppe für Wohnzimmer Küche Büro (Eiche-Weiß Tischbein Tisch+4 Weiß Stühle)",46.53,81.39,48.0,66.72,22.76,58.87,70.0
B0DCHZX2QN,"Bealife Esszimmerstuhl 6er-Set, Esszimmerstühle für Küche und Esszimmer, gepolsterte Samtstühle mit hoher Rückenlehne, modern (Dunkelgrauer Samt, 6er Set)",58.62,48.93,82.0,70.85,31.89,58.99,67.0
B0G2XHN7X5,"Mondeer Essgruppen, Klappbarer Esstisch mit 4 Stühlen, Esstisch Set mit Rollen und 2 Offenen Ablagen, für Kleine Räume Esszimmer Küche, 120 x 80 x 80 cm, Eiche und Weiß",59.26,69.48,56.0,68.81,22.51,60.07,60.0
B0F7R9MPFR,"Esszimmerstühle 4er Set drehbar, Samt Küchenstühle Essstühle mit Rückenlehne, Metallbeine, Gepolsterte Stühle für Esszimmer Küche, Ergonomisch, Dunkelgrau",56.72,68.44,66.0,62.65,25.56,59.7,62.0
B0G12K198P,"COLAMY Esszimmerstühle 6er Set, Polsternder Stühle Esszimmer mit Rückenlehne, Moderne Küchenstühle Gepolstert, Stoff Dining Chairs mit Back und Holzbeinen für Esszimmer, Küche, Restaurant, Beige",62.1,67.6,0.0,39.16,31.07,46.74,99.0
B0GWMC2ZLV,"Mondeer Essgruppen, Klappbarer Esstisch mit 4 Stühlen und Schublade, Esstisch Set mit Rollen und 2 Offenen Ablagen, für Kleine Räume Esszimmer Küche, 140 x 80 x 75 cm (Rustikales Braun und Schwarz)",59.23,42.42,44.0,63.41,25.69,49.38,96.0
B0CQQ9W4BF,"Bealife Esstisch mit 4 Stühlen Set, Esstisch und Stühle für 4 Personen, Esszimmer 6 Stühle und Tisch, Set mit Esstisch und Stühlen für Küche, Esszimmer und Wohnzimmer (Schwarz, 4stühle)",60.11,66.11,44.0,71.91,25.31,58.37,73.0
B0D962W8TP,"Esszimmerstühle 4er Set mit Armlehne, Polsterstuhl Samt, Küchenstuhl mit stabilen Metallbeinen & verstellbaren Fußkappen, Armlehnenstuhl modern für Esszimmer & Wohnzimmer, Dunkelgrau",58.54,67.39,47.0,75.58,22.63,59.28,64.0
B0FRFNKNB1,"LEWE Essgruppen Esstisch mit 4 Stühlen, 140 x 80 x 76 cm Rechteckig Esstisch aus Holz mit 4 Esszimmerstühle, 360°Drehstuhl, Gepolstert, Breitere Sitzfläche, für Küche Esszimmer, Wohnzimmer,Dunkelgrau",60.78,73.11,4.0,65.03,22.45,52.98,87.0
B0GYXYYQZZ,"ELUCHANG Esszimmerstühle 4er Set, 360°Drehbar, Mehrschichtiger Dicker Schaumstoff Stuhl mit Hohen Armlehnen, Grau Samt, Gekreuztes Metallgestell bis 150KG Belastbar, für Schlafzimmer Küche Wohnzimmer",68.75,96.65,9.0,65.59,22.01,62.85,40.0
B0D2PSLT9F,"HOMCOM 3er-Set Essgruppe, Esstisch mit 2 Stühle, Esszimmergruppe für 2 Personen, Küchentisch-Set, Tischgruppe für Wohnzimmer, Küche, Platzsparend Weiß, Kiefernholz",57.37,65.95,37.0,48.02,22.12,51.49,93.0
B0CTSXTGPF,"HOMCOM Essgruppe Esstisch mit 4 Stühlen Platzsparend Esszimmergruppe Sitzgruppe Küchentisch-Set für Esszimmer, Küche Weiß",46.73,74.78,55.0,57.69,22.06,56.11,77.0
B0GWM467TJ,"Essgruppen Esstisch mit 4 dunkelgrau Stühlen,140 x 80 x 76 cm Dunkelbraun Rechteckig Esstisch aus Holz mit Esszimmerstühle mit technisches Tuch,für Küche Esszimmer und Wohnzimmer",54.82,79.32,16.0,68.34,24.73,56.04,78.0
B08QM8VTMW,Casaria® Esstisch mit 4 Stühlen Holz 5-TLG Set Metall 110x70cm Industrial Esszimmer Küche Stühle Tisch Möbel Essgruppe Sitzgruppe Paul Weiß,60.37,73.67,53.0,77.03,22.17,62.77,41.0
B08GYPL6X9,"SONGMICS Esszimmerstuhl, 2er Set, Küchenstuhl, Sessel, Samt, Polsterstuhl mit Armlehnen, Loungesessel, bis 120 kg belastbar, Metallbeine, für Esszimmer, Küche, grau-tintenschwarz LDC087G02",55.0,75.95,61.0,80.59,24.52,64.25,37.0
B0GHWMPHZZ,"Esstisch und Stuhlset, 100 cm Runder Esstisch und 4 Moderne Leinenstühle, für Esszimmer, Küche, Wohnzimmer (Helle + Khaki)",58.46,77.81,26.0,38.41,24.23,51.96,91.0
B0F8N5NND2,"JIJIAN Esszimmerstühle 6er Set, Stühle Esszimmer, Küchenstühle, Wohnzimmer Essstühle, Gepolsterte Stühle, Ergonomisch Gestaltete Leinenstühle für Esszimmer, Küche, Schlafzimmer, Rezeption, Schwarz",43.66,93.29,33.0,70.91,24.63,60.5,53.0
B08H254XCB,"H.J WeDoo Esszimmergruppe mit 4 Essstühlen, Rechteckig Esstisch und Stühle für Esszimmer, Küche, Wohnzimmer, Weißer Esstisch und Graue Stühle",57.37,81.61,54.0,70.02,24.84,63.41,39.0
B0C7KC7R6Y,"Esstisch mit 4 Stühlen, Essgruppe Kiefer Holz für Esszimmer, Küche, Wohnzimmer, Grau und Weiß, AAAA01 | 5-teiliges Esszimmer-Set aus massivem Kiefernholz: 1 Esstisch und 4 Stühle für Küche und Esszimmer",55.46,58.55,40.0,61.8,24.14,52.2,90.0
B079DT9THL,"tectake Essgruppe Set Tisch und Stühle, Esstisch und 4X Stuhl, strapazierfähiges Kunstleder, Tischplatte aus Sicherheitsglas, Küchenstühle modern, Küche - weiß",69.04,60.68,60.0,80.06,22.39,62.71,42.0
B0CP26X29W,"LEADZM küchenstühle 6er Set Esszimmerstühle mit hoher Rückenlehne wasserdicht für Esszimmer & Küche Esszimmerstuhl Stühle 120kg (Schwarz, 6er Set)",59.67,63.9,78.0,67.48,25.07,61.79,45.0
B0CV52J8FT,"Esszimmerstühle 4er Set, für Schlafzimmer Küche Wohnzimmer, Küchenstühle gepolstert mit Rückenlehne Metallbeinen, Sitzfläche aus Samt, Schwarz",59.74,79.26,70.0,72.7,24.33,66.19,27.0
B0DXKPFSVL,"Esszimmerstühle 2er Set Grau mit Samtbezug | Federkern, 360° Drehbar, Retrostil, PVC-frei & Oeko-TEX Zertifiziert, Einfache Montage",65.98,82.26,12.0,69.22,22.22,59.04,66.0
B094CCD82B,"Yaheetech Esszimmerstühle 2er Set Küchenstuhl Polsterstuhl mit hoher Rückenlehne, Beine aus Massivholz, gepolsterte Sitzfläche aus Leinen Dunkelgrau",60.73,79.97,86.0,74.16,24.95,69.4,12.0
B0C4LFRBDB,"VASAGLE Esszimmerstühle, Küchenstühle, 4er Set, Metallrahmen, für Esszimmer, Wohnzimmer, Küche, vintagebraun-tintenschwarz LDC093K02",60.7,37.11,87.0,79.7,22.28,57.53,75.0
B0C26WMM1T,"Yaheetech Esszimmerstuhl modern, Küchenstuhl in Blumenform, Sessel Polsterstuhl mit Metallbeinen Gold, für Wohnzimmer/Esszimmer Rosa",62.67,59.57,99.0,74.83,22.33,65.59,32.0
B0GVY9DP57,"MALOL Esszimmerstühle 2er Set, Moderne Polsterstühle mit Holzbeinen in Dunkelbraun, Stoff-Essstühle mit Stabiler Rückenlehne, Beige Geeignet für Esszimmer, Küche und Gastronomie",70.11,86.4,49.0,66.76,23.87,66.54,23.0
B085J2L82B,"WOLTU Esszimmerstühle 4er Set, für Wohnzimmer Küche Esszimmer, Küchenstühle gepolstert mit Rückenlehne, Sitzfläche aus Kunstleder, mit Metallbeinen, bis 150 kg belastbar, Hellbraun",59.38,79.63,56.0,76.59,21.62,64.61,36.0
B0FRSHGBY3,"Mondeer Esstisch mit 4 Stühlen Set, Essgruppe mit Hochlehner Kunstleder Stuhl für Küche Esszimmer Wohnzimmer, W120 x D80 x H75 cm, Weiß und Eiche",59.34,66.72,43.0,62.45,21.81,55.97,81.0
B0FGXXVF7J,"BonVache 6er Set Esszimmerstühle, Kunstleder Polsterstuhl Armlehnenstuhl Stühle, Küchenstuhl mit Rückenlehne, Armlehnenstuhl mit Metallbeinen, Sessel für Esszimmer, Wohnzimmer, Taupe",56.28,84.69,21.0,57.21,24.04,56.47,76.0
B0H3P53ZL9,"Esszimmerstühle 2er Set, 360° drehbar mit Armlehnen, doppelt gepolsterte Chenille-Stühle grau, ergonomische Rückenlehne, bis 160 kg/Stuhl",61.28,88.14,30.0,57.82,23.78,60.2,57.0
B0GT4K1VS8,"Runder Esstisch und Stühle für 4 Personen, MDF-Esstisch mit PU-Leder Gepolsterten Stühlen, Küchetisch Set Sitzgruppe für Küche für Küche, Wohnzimmer, Balkon, Restaurant, Büro (Rund Schwarz-Weiß)",46.62,76.68,5.0,53.23,21.86,48.24,98.0
B0BF46JJB8,HOMCOM 3 TLG Esszimmergruppe Essgruppe mit 2 Stühlen und 1 Tisch Esstisch Set mit Klappbarer Tischplatte für Küche kleine Raume Stahl MDF Natur+Weiß 110 x 70 x 75 cm,56.07,44.93,74.0,61.85,23.46,53.31,86.0
B0DNN6PJ6P,"WOLTU Esstisch Set mit 4 Stühlen, Essgruppe für 4 Personen, Sitzgruppe Küche Esszimmer, Küchentisch Tisch mit Metallgestell, Vintage Braun",64.94,55.04,69.0,67.99,21.96,58.89,69.0
B0DS21J9RG,"Essgruppe 5-Teilig, 100cm Runder Esstisch und 4 Esszimmerstühle (Cord), Tisch und 4 Stühle für Küche, Wohnzimmer, Balkon, Restaurant, Büro (Helle Holzfarbe+Grau (Cord))",63.03,80.9,24.0,68.89,23.96,59.8,61.0
B0CL9XMM7Y,"WOLTU Esszimmerstühle 4er Set, für Esszimmer Wohnzimmer, ergonomische Küchenstühle gepolstert mit Armlehnen, Metallbeinen, Sitzfläche aus Samt, Dunkelgrau",63.39,76.83,22.0,78.23,23.7,60.21,56.0
B0CX8TRVSS,"EUGAD Esszimmerstühle 2er Set drehbar, für Esszimmer Wohnzimmer, Bequeme Küchenstühle mit Armlehnen, Rückenlehne, Metallbeinen, modern, Dunkelgrau",59.71,56.2,52.0,71.12,21.67,55.98,79.0
B07DGPWLX2,"Yaheetech 2er Set Esszimmerstühle Küchenstuhl Schwingstuhl Essgruppe, mit hoher Rückenlehne, bequem gepolstert, Edelstahl und Kunstleder, Weiß",62.52,94.25,88.0,77.49,23.54,74.96,2.0
B0811RBBY7,"WOLTU Esszimmerstühle 2er Set, für Wohnzimmer Küche Esszimmer, Küchenstühle gepolstert mit Rückenlehne, Sitzfläche aus Samt, mit Metallbeinen, bis 150 kg belastbar,Blau",58.02,83.59,84.0,84.39,23.62,71.42,9.0
B0CFL7Q3G4,"JIJIAN 4er Set Esszimmerstühle, Gepolsterte Stühle mit Leinenstoff und Schwarzen Metallbeinen, Schachbrettmuster, Esszimmerstühle für Esszimmer Wohnzimmer Küche, Grau",57.49,70.34,61.0,75.71,21.91,61.96,43.0
B00I0UOESG,"Hela Tische 4er Set Schwingstuhl, Küchenstuhl Flora, Kunstleder Grün, Griffmulde, Metallgestell verchromt, 42x57x98 cm",65.81,96.58,23.0,79.08,23.38,67.03,22.0
B0D53DDQFD,"SONGMICS Esszimmerstuhl 2er Set, Küchenstuhl, Samt,Polsterstuhl, bis 120 kg belastbar, Stahlbeine, Gebogene Rückenlehne, für Esszimmer, Küche, grau-tintenschwarz LDC090G05",46.02,82.04,90.0,71.98,23.31,66.34,25.0
B0DDC1C1GN,"Ymkua Esstisch mit 4 Stühlen Set, 117x68x75 cm Rechteckiger Esstisch, Esszimmergruppe, Moderne Küche Esstisch Set, Esszimmerstuhl Küchenstuhl Sets, Küchentisch Set für Wohnzimmer und Küche (Gray)",59.46,91.0,29.0,63.69,23.23,61.58,47.0
B0H29F2KQB,"Essgruppe mit 4 Stühlen aus Leinen, Esstisch Set mit Tischplatte(85 x 85cm) aus Walnussholz, Dining Table Set mit rutschfeste Fußpolster, für Küchen und Esszimmer, Beige",64.92,80.37,3.0,62.41,21.58,55.43,84.0
B0GZKBLVWV,"Esszimmertisch-Set 1 Tisch 2 Stühle, Küchentisch mit gepolsterten Stühlen, kompaktes Esstisch-Set aus Holz und Eisengestell, platzsparend, pflegeleicht, einfache Montage, Zementgrau",59.64,50.53,90.0,48.76,23.09,55.63,83.0
B0GMPX8YJG,"Esstisch- und Stuhlset, 4 Cord mit Hoher Rückenlehne und EIN 100 cm Langer Moderner Runder Esstisch, Geeignet für Küchen, Esszimmer und Wohnzimmer (Hell + Hellgrau)",61.5,81.25,34.0,67.22,21.62,60.46,54.0
